0,0
,
0.9,0
,
2.05,0
,
3.05,0
,
3.95,6
,
4.95,22
,
5.95,41
,
7.15,56
,
8.05,78
,
9.05,92
,
10.05,102
,
11.05,104
,
11.95,103
,
12.95,101
,
13.95,100
,
15.15,99
,
16.05,100
,
17.05,100
,
18.05,100
,
19.05,100
,
19.95,100
,
20.95,100
,
21.95,100
,
23.05,100
,
24.05,100
,
25.05,99
,
26.05,99
,
26.95,99
,
27.95,100
,
28.95,99
,
30.15,99
,
31.05,100
,
32.05,99
,
33.05,100
,
34.05,99
,
34.95,99
,
35.95,100
,
37.15,99
,
38.15,99
,
39.05,99
,
40.05,99
,
41.05,100
,
42.45,100
,
43.15,99
,
43.95,99
,
44.95,99
,
46.15,100
,
47.05,99
,
48.05,100
,
49.05,100
,
50.05,100
,
50.95,99
,
51.95,99
,
52.95,100
,
54.15,100
,
55.05,99
,
56.05,100
,
57.05,100
,
58.05,99
,
58.95,100
,
59.95,99
,
61.15,100
,
62.05,99
,
63.05,100
,
64.45,100
,
65.25,100
,
66.15,100
,
67.15,100
,
68.15,99
,
69.15,100
,
70.05,100
,
71.05,99
,
72.05,99
,
73.25,99
,
74.15,99
,
75.15,100
,
76.15,99
,
77.15,99
,
78.05,99
,
79.05,100
,
80.05,99
,
81.25,99
,
82.15,99
,
83.15,100
,
84.15,99
,
85.15,99
,
86.05,99
,
87.05,99
,
88.05,100
,
89.25,100
,
90.35,99
,
91.15,99
,
92.15,100
,
93.15,99
,
94.05,100
,
95.05,99
,
96.25,99
,
97.15,100
,
98.15,99
,
99.35,100
,
100.55,99
,
101.45,99
,
102.45,100
,
103.25,99
,
104.25,99
,
105.15,100
,
106.15,99
,
107.15,100
,
108.35,100
,
109.25,100
,
110.25,100
,
111.25,99
,
112.25,100
,
113.15,99
,
114.15,100
,
115.15,100
,
116.35,100
,
117.25,99
,
118.25,100
,
119.25,100
,
120.25,100
,
121.15,100
,
122.15,99
,
123.35,100
,
124.35,99
,
125.25,100
,
126.25,100
,
127.25,100
,
128.25,99
,
129.15,100
,
130.15,100
,
131.55,100
,
132.25,99
,
133.25,99
,
134.25,100
,
135.25,100
,
136.15,99
,
137.15,100
,
138.15,99
,
139.35,100
,
140.25,99
,
141.25,100
,
142.25,100
,
143.25,99
,
144.15,99
,
145.15,100
,
146.15,100
,
147.35,99
,
148.25,100
,
149.25,100
,
150.25,100
,
151.45,99
,
152.35,99
,
153.35,99
,
154.55,99
,
155.35,100
,
156.25,100
,
157.25,99
,
158.25,99
,
159.45,99
,
160.35,99
,
161.35,100
,
162.35,100
,
163.35,100
,
164.25,100
,
165.25,99
,
166.47,100
,
167.35,100
,
168.35,99
,
169.35,100
,
170.35,99
,
171.45,99
,
172.25,99
,
173.25,100
,
174.45,99
,
175.35,99
,
176.35,100
,
177.35,100
,
178.35,100
,
179.45,99
,
180.25,99
,
181.25,99
,
182.45,100
,
183.35,99
,
184.35,100
,
185.35,99
,
186.35,100
,
187.45,99
,
188.25,99
,
189.25,100
,
190.35,99
,
191.35,100
,
192.35,99
,
193.55,100
,
194.35,100
,
195.25,100
,
196.25,100
,
197.45,100
,
198.45,99
,
199.35,99
,
200.35,100
,
201.35,100
,
202.35,99
,
203.25,99
,
204.25,99
,
205.45,100
,
206.55,99
,
207.35,99
,
208.35,100
,
209.35,100
,
210.25,100
,
211.25,99
,
212.25,100
,
213.45,99
,
214.35,99
,
215.35,99
,
216.35,99
,
217.35,99
,
218.25,99
,
219.25,100
,
220.25,100
,
221.45,99
,
222.35,99
,
223.35,99
,
224.35,100
,
225.35,100
,
226.25,99
,
227.25,99
,
228.25,99
,
229.45,99
,
230.35,99
,
231.35,99
,
232.36,99
,
233.35,100
,
234.25,100
,
235.25,99
,
236.45,100
,
237.45,99
,
238.35,100
,
239.35,99
,
240.35,100
,
241.35,99
,
242.25,99
,
243.25,99
,
244.45,99
,
245.35,99
,
246.35,100
,
247.35,100
,
248.35,99
,
249.25,99
,
250.25,99
,
251.25,99
,
252.45,99
,
253.35,100
,
254.35,99
,
255.55,100
,
256.35,99
,
257.25,99
,
258.25,100
,
259.25,100
,
260.45,99
,
261.35,100
,
262.35,100
,
263.35,99
,
264.35,100
,
265.45,99
,
266.25,100
,
267.25,99
,
268.45,100
,
269.35,99
,
270.35,100
,
271.35,99
,
272.35,100
,
273.25,100
,
274.25,99
,
275.45,99
,
276.45,100
,
277.35,99
,
278.35,99
,
279.35,99
,
280.35,99
,
281.25,100
,
282.25,99
,
283.45,99
,
284.35,99
,
285.35,99
,
286.35,99
,
287.35,99
,
288.25,100
,
289.25,99
,
290.25,100
,
291.45,99
,
292.35,99
,
293.35,99
,
294.35,100
,
295.35,100
,
296.25,99
,
297.25,100
,
298.25,100
,
299.45,100
,
300.35,100
,
301.35,100
,
302.35,100
,
303.35,100
,
304.25,100
,
305.25,100
,
306.45,99
,
307.45,100
,
308.35,100
,
309.35,100
,
310.35,100
,
311.35,99
,
312.25,99
,
313.25,99
,
314.45,100
,
315.45,99
,
316.75,99
,
317.35,100
,
318.35,99
,
319.35,99
,
320.25,99
,
321.25,99
,
322.45,100
,
323.35,99
,
324.35,100
,
325.35,99
,
326.55,100
,
327.25,100
,
328.25,99
,
329.25,99
,
330.45,99
,
331.55,100
,
332.35,99
,
333.35,99
,
334.55,99
,
335.25,99
,
336.25,99
,
337.25,99
,
338.45,99
,
339.35,99
,
340.35,100
,
341.35,99
,
342.35,99
,
343.25,99
,
344.25,100
,
345.45,100
,
346.45,100
,
347.35,99
,
348.35,100
,
349.35,100
,
350.35,100
,
351.25,100
,
352.25,100
,
353.45,100
,
354.45,99
,
355.35,99
,
356.35,100
,
357.35,100
,
358.35,99
,
359.25,99
,
360.25,100
,
361.45,99
,
362.35,99
,
363.35,99
,
364.35,99
,
365.35,99
,
366.25,100
,
367.25,100
,
368.25,100
,
369.45,99
,
370.35,100
,
371.35,100
,
372.55,99
,
373.35,99
,
374.25,99
,
375.25,100
,
376.25,100
,
377.65,99
,
378.35,99
,
379.35,100
,
380.35,100
,
381.35,100
,
382.25,99
,
383.25,100
,
384.45,99
,
385.45,99
,
386.35,100
,
387.35,100
,
388.35,99
,
389.35,99
,
390.25,100
,
391.25,100
,
392.45,100
,
393.45,99
,
394.35,100
,
395.35,99
,
396.35,100
,
397.35,100
,
398.45,100
,
399.25,99
,
400.45,99
,
401.35,99
,
402.35,99
,
403.35,100
,
404.35,100
,
405.25,100
,
406.45,100
,
407.25,100
,
408.45,100
,
409.35,99
,
410.55,99
,
411.35,99
,
412.35,100
,
413.65,99
,
414.25,99
,
415.45,100
,
416.45,100
,
417.35,100
,
418.35,100
,
419.35,99
,
420.35,99
,
421.25,99
,
422.25,99
,
423.45,99
,
424.45,99
,
425.35,99
,
426.35,100
,
427.35,99
,
428.35,99
,
429.25,99
,
430.25,100
,
431.45,100
,
432.45,100
,
433.35,99
,
434.35,99
,
435.35,100
,
436.35,99
,
437.25,100
,
438.25,99
,
439.45,99
,
440.35,99
,
441.35,100
,
442.35,100
,
443.35,100
,
444.25,99
,
445.25,99
,
446.25,100
,
447.45,99
,
448.35,99
,
449.35,99
,
450.35,100
,
451.55,99
,
452.25,99
,
453.45,100
,
454.45,99
,
455.45,99
,
456.55,99
,
457.35,100
,
458.35,99
,
459.35,99
,
460.25,100
,
461.25,100
,
462.45,99
,
463.45,100
,
464.55,100
,
465.35,100
,
466.35,99
,
467.35,99
,
468.25,100
,
469.25,99
,
470.45,99
,
471.45,99
,
472.35,100
,
473.35,100
,
474.35,100
,
475.35,100
,
476.25,99
,
477.25,99
,
478.45,100
,
479.35,99
,
480.35,100
,
481.35,99
,
482.35,99
,
483.25,99
,
484.25,100
,
485.25,100
,
486.45,100
,
487.35,100
,
488.35,100
,
489.35,100
,
490.35,99
,
491.25,99
,
492.25,99
,
493.45,100
,
494.45,99
,
495.35,99
,
496.35,100
,
497.35,99
,
498.35,99
,
499.25,100
,
500.25,100
,
501.45,99
,
502.45,99
,
503.35,99
,
504.55,100
,
505.35,99
,
506.35,100
,
507.25,100
,
508.25,99
,
509.45,99
,
510.45,99
,
511.55,100
,
512.55,100
,
513.55,99
,
514.45,99
,
515.25,100
,
516.25,100
,
517.45,100
,
518.35,100
,
519.55,99
,
520.35,100
,
521.35,99
,
522.25,100
,
523.25,100
,
524.45,100
,
525.45,99
,
526.35,99
,
527.35,100
,
528.35,100
,
529.55,100
,
530.25,100
,
531.25,100
,
532.45,100
,
533.45,99
,
534.35,99
,
535.35,100
,
536.35,99
,
537.35,100
,
538.25,100
,
539.25,100
,
540.45,100
,
541.45,73
,
542.35,20
,
543.35,20
,
544.35,0
,
545.35,0
,
546.25,0
,
547.25,0
,
548.45,0
,
549.45,0
,
550.35,0
,
551.35,62
,
552.35,94
,
553.35,97
,
554.25,39
,
564.15,177
,
565.15,214
,
566.15,189
,
567.15,131
,
567.85,130
,
569.15,130
,
570.15,129
,
571.15,129
,
572.25,130
,
573.15,129
,
574.15,130
,
575.15,129
,
576.15,129
,
577.25,130
,
578.25,130
,
579.45,130
,
580.25,130
,
581.15,129
,
582.05,130
,
583.15,129
,
584.15,130
,
585.25,129
,
586.25,129
,
587.45,130
,
588.25,130
,
589.15,129
,
590.15,129
,
591.15,129
,
592.35,130
,
593.45,129
,
594.25,130
,
595.25,129
,
596.25,129
,
597.15,129
,
598.15,129
,
599.15,130
,
600.25,129
,
601.25,129
,
602.25,130
,
603.25,130
,
604.2,129
,
605.15,130
,
606.15,130
,
607.15,129
,
608.25,129
,
609.25,129
,
610.25,129
,
611.25,129
,
612.15,130
,
613.15,130
,
614.15,129
,
615.15,129
,
616.25,130
,
617.25,129
,
618.25,129
,
619.45,129
,
620.15,129
,
621.15,130
,
622.15,129
,
623.15,129
,
624.25,129
,
625.25,129
,
626.05,130
,
627.25,129
,
628.35,129
,
629.15,130
,
630.15,129
,
631.35,130
,
632.25,130
,
633.25,130
,
634.25,130
,
635.25,130
,
636.15,129
,
637.15,130
,
638.15,129
,
639.25,129
,
640.25,129
,
641.25,130
,
642.25,130
,
643.15,129
,
644.15,129
,
645.15,129
,
646.15,130
,
647.45,130
,
648.25,130
,
649.05,130
,
650.25,130
,
651.35,129
,
652.15,129
,
653.15,129
,
654.15,129
,
655.25,130
,
656.25,129
,
657.25,130
,
658.25,129
,
659.15,129
,
660.15,129
,
661.15,129
,
662.35,130
,
663.25,129
,
664.25,129
,
665.25,129
,
666.25,129
,
667.15,129
,
668.15,130
,
669.15,129
,
670.35,129
,
671.25,129
,
672.25,129
,
673.25,130
,
674.35,130
,
675.35,129
,
676.15,130
,
677.15,130
,
678.25,129
,
679.25,130
,
680.45,130
,
681.25,129
,
682.15,130
,
683.15,130
,
684.15,129
,
685.15,129
,
686.25,130
,
687.25,130
,
688.25,129
,
689.25,129
,
690.17,129
,
691.15,129
,
692.15,129
,
693.15,130
,
694.25,130
,
695.25,130
,
696.25,129
,
697.25,130
,
698.15,129
,
699.15,130
,
700.15,129
,
701.35,130
,
702.25,129
,
703.25,129
,
704.25,129
,
705.25,130
,
706.15,129
,
707.17,129
,
708.35,130
,
709.45,129
,
710.45,129
,
711.25,129
,
712.25,130
,
713.35,130
,
714.15,130
,
715.15,129
,
716.16,130
,
717.25,130
,
718.45,130
,
719.25,130
,
720.25,130
,
721.15,130
,
722.15,129
,
723.15,129
,
724.15,129
,
725.25,130
,
726.45,129
,
727.25,130
,
728.25,129
,
729.16,130
,
730.15,130
,
731.15,129
,
732.15,129
,
733.25,129
,
734.25,130
,
735.25,129
,
736.25,130
,
737.15,129
,
738.15,129
,
739.15,129
,
740.35,129
,
741.25,129
,
742.25,130
,
743.25,129
,
744.25,129
,
745.15,130
,
746.15,129
,
747.15,130
,
748.35,129
,
749.45,130
,
750.25,129
,
751.25,129
,
752.25,130
,
753.15,129
,
754.15,130
,
755.15,129
,
756.25,130
,
757.45,130
,
758.25,129
,
759.25,129
,
760.15,129
,
761.15,129
,
762.15,130
,
763.15,130
,
764.25,130
,
765.25,129
,
766.25,130
,
767.25,130
,
768.15,130
,
769.15,129
,
770.15,130
,
771.35,129
,
772.25,130
,
773.25,129
,
774.25,130
,
775.25,129
,
776.15,130
,
777.15,129
,
778.15,129
,
779.35,129
,
780.25,130
,
781.25,144
,
782.45,159
,
783.25,159
,
784.35,159
,
785.15,159
,
786.15,159
,
787.35,159
,
788.26,159
,
789.45,159
,
790.15,159
,
791.25,159
,
792.15,160
,
793.15,159
,
794.15,160
,
795.25,160
,
796.25,160
,
797.25,160
,
798.25,160
,
799.15,159
,
800.15,159
,
801.15,159
,
802.15,160
,
803.25,159
,
804.25,159
,
805.25,160
,
806.25,159
,
807.15,159
,
808.15,160
,
809.15,160
,
810.35,160
,
811.25,159
,
812.25,159
,
813.25,160
,
814.25,159
,
815.15,159
,
816.15,159
,
817.15,160
,
818.35,159
,
819.45,160
,
820.25,159
,
821.25,160
,
822.25,159
,
823.15,159
,
824.15,160
,
825.15,160
,
826.35,159
,
827.25,160
,
828.25,159
,
829.26,160
,
830.15,160
,
831.15,159
,
832.15,160
,
833.15,159
,
834.26,160
,
835.25,159
,
836.25,159
,
837.45,159
,
838.35,159
,
839.15,159
,
840.15,160
,
841.15,160
,
842.25,160
,
843.25,160
,
844.25,160
,
845.25,159
,
846.15,159
,
847.15,160
,
848.15,160
,
849.35,159
,
850.25,160
,
851.25,159
,
852.25,159
,
853.25,160
,
854.15,160
,
855.15,160
,
856.15,159
,
857.35,159
,
858.25,159
,
859.25,160
,
860.25,160
,
861.25,159
,
862.15,159
,
863.15,160
,
864.15,159
,
865.25,159
,
866.25,160
,
867.25,160
,
868.25,160
,
869.25,159
,
870.15,160
,
871.15,160
,
872.15,160
,
873.25,160
,
874.25,160
,
875.25,159
,
876.25,159
,
877.15,159
,
878.15,159
,
879.15,160
,
880.35,160
,
881.45,159
,
882.26,159
,
883.25,159
,
884.25,159
,
885.15,159
,
886.15,159
,
887.15,160
,
888.35,160
,
889.45,159
,
890.25,159
,
891.25,159
,
892.25,160
,
893.15,160
,
894.15,160
,
895.15,160
,
896.35,160
,
897.25,159
,
898.25,159
,
899.25,159
,
900.25,159
,
901.35,160
,
902.15,160
,
903.15,159
,
904.35,159
,
905.25,160
,
906.25,159
,
907.25,159
,
908.15,160
,
909.15,159
,
910.15,159
,
911.15,160
,
912.25,160
,
913.25,159
,
914.25,159
,
915.25,159
,
916.15,159
,
917.35,160
,
918.15,160
,
919.35,159
,
920.25,159
,
921.45,160
,
922.45,159
,
923.45,160
,
924.15,159
,
925.15,159
,
926.15,159
,
927.55,160
,
928.25,159
,
929.45,159
,
930.25,159
,
931.25,159
,
932.15,160
,
933.15,160
,
934.16,160
,
935.35,160
,
936.25,160
,
937.25,159
,
938.25,159
,
939.25,160
,
940.15,161
,
941.2,160
,
942.16,160
,
943.25,160
,
944.25,160
,
945.25,160
,
946.25,160
,
947.15,159
,
948.15,159
,
949.15,160
,
950.15,159
,
951.25,160
,
952.45,159
,
953.25,159
,
954.25,159
,
955.15,159
,
956.15,160
,
957.15,160
,
958.35,160
,
959.25,160
,
960.45,159
,
961.25,159
,
962.25,159
,
963.15,159
,
964.15,160
,
965.15,160
,
966.36,159
,
967.25,160
,
968.25,159
,
969.25,160
,
970.25,160
,
971.15,159
,
972.15,160
,
973.15,160
,
974.35,160
,
975.25,159
,
976.45,160
,
977.25,160
,
978.25,159
,
979.15,159
,
980.15,159
,
981.15,160
,
982.35,159
,
983.25,159
,
984.25,159
,
985.45,159
,
986.15,160
,
987.15,160
,
988.15,160
,
989.35,159
,
990.25,159
,
991.25,159
,
992.25,159
,
993.45,160
,
994.15,159
,
995.15,159
,
996.15,159
,
997.35,160
,
998.25,159
,
999.25,159
,
1000.25,159
,
1001.46,159
,
1002.15,159
,
1003.15,160
,
1004.15,159
,
1005.35,159
,
1006.25,159
,
1007.25,159
,
1008.25,160
,
1009.25,159
,
1010.15,160
,
1011.15,159
,
1012.15,159
,
1013.35,159
,
1014.25,159
,
1015.25,160
,
1016.25,160
,
1017.45,160
,
1018.15,160
,
1019.15,159
,
1020.05,160
,
1021.35,177
,
1022.45,188
,
1023.26,189
,
1024.26,191
,
1025.15,190
,
1026.16,189
,
1027.15,189
,
1028.35,189
,
1029.27,190
,
1030.27,190
,
1031.26,189
,
1032.26,190
,
1033.15,191
,
1034.16,190
,
1035.15,190
,
1036.35,188
,
1037.28,189
,
1038.28,189
,
1039.27,189
,
1040.16,189
,
1041.15,189
,
1042.15,190
,
1043.15,189
,
1044.36,190
,
1045.28,190
,
1046.3,190
,
1047.28,190
,
1048.15,189
,
1049.15,189
,
1050.15,190
,
1051.15,189
,
1052.35,190
,
1053.25,189
,
1054.25,189
,
1055.26,190
,
1056.25,189
,
1057.16,189
,
1058.15,189
,
1059.35,189
,
1060.36,190
,
1061.26,189
,
1062.26,189
,
1063.45,189
,
1064.16,189
,
1065.16,190
,
1066.16,190
,
1067.35,189
,
1068.25,189
,
1069.25,190
,
1070.26,189
,
1071.26,190
,
1072.16,189
,
1073.16,190
,
1074.16,190
,
1075.36,189
,
1076.26,189
,
1077.26,189
,
1078.26,189
,
1079.26,190
,
1080.16,189
,
1081.16,189
,
1082.16,190
,
1083.35,190
,
1084.26,189
,
1085.26,190
,
1086.26,189
,
1087.26,189
,
1088.16,190
,
1089.16,190
,
1090.15,189
,
1091.36,190
,
1092.26,189
,
1093.26,189
,
1094.26,188
,
1095.26,190
,
1096.16,190
,
1097.16,190
,
1098.36,190
,
1099.26,189
,
1100.26,189
,
1101.26,189
,
1102.25,190
,
1103.16,190
,
1104.16,189
,
1105.15,189
,
1106.55,190
,
1107.26,190
,
1108.26,190
,
1109.26,190
,
1110.26,189
,
1111.16,190
,
1112.36,189
,
1113.35,189
,
1114.36,189
,
1115.25,189
,
1116.65,189
,
1117.45,189
,
1118.45,189
,
1119.36,189
,
1120.36,190
,
1121.36,189
,
1122.36,190
,
1123.26,189
,
1124.26,190
,
1125.26,190
,
1126.46,190
,
1127.37,189
,
1128.37,190
,
1129.36,190
,
1130.26,190
,
1131.26,189
,
1132.46,189
,
1133.46,189
,
1134.46,189
,
1135.37,190
,
1136.37,190
,
1137.36,189
,
1138.26,190
,
1139.46,189
,
1140.26,190
,
1141.46,190
,
1142.37,190
,
1143.36,190
,
1144.38,189
,
1145.36,189
,
1146.26,189
,
1147.26,189
,
1148.25,190
,
1149.66,190
,
1150.36,190
,
1151.36,190
,
1152.36,189
,
1153.36,190
,
1154.26,189
,
1155.46,189
,
1156.26,189
,
1157.46,189
,
1158.36,189
,
1159.36,189
,
1160.36,189
,
1161.36,189
,
1162.26,190
,
1163.45,190
,
1164.26,189
,
1165.45,189
,
1166.36,189
,
1167.36,189
,
1168.36,190
,
1169.35,190
,
1170.26,189
,
1171.26,190
,
1172.46,189
,
1173.36,190
,
1174.36,190
,
1175.36,190
,
1176.36,189
,
1177.46,189
,
1178.26,190
,
1179.26,189
,
1180.46,190
,
1181.36,190
,
1182.36,189
,
1183.36,190
,
1184.36,190
,
1185.26,189
,
1186.26,189
,
1187.26,189
,
1188.46,189
,
1189.35,190
,
1190.36,190
,
1191.36,189
,
1192.36,189
,
1193.26,190
,
1194.26,190
,
1195.26,190
,
1196.46,190
,
1197.36,189
,
1198.36,189
,
1199.36,189
,
1200.36,189
,
1201.26,190
,
1202.26,189
,
1203.46,190
,
1204.46,189
,
1205.36,189
,
1206.36,191
,
1207.56,190
,
1208.36,189
,
1209.26,190
,
1210.26,189
,
1211.46,189
,
1212.55,189
,
1213.36,189
,
1214.36,190
,
1215.36,190
,
1216.36,189
,
1217.26,190
,
1218.26,189
,
1219.46,189
,
1220.35,188
,
1221.36,189
,
1222.36,189
,
1223.36,189
,
1224.26,190
,
1225.26,190
,
1226.26,190
,
1227.46,189
,
1228.36,189
,
1229.36,189
,
1230.36,190
,
1231.36,189
,
1232.26,190
,
1233.25,189
,
1234.26,190
,
1235.46,190
,
1236.36,190
,
1237.36,189
,
1238.36,189
,
1239.36,190
,
1240.48,190
,
1241.26,189
,
1242.46,189
,
1243.46,189
,
1244.36,189
,
1245.56,190
,
1246.36,189
,
1247.36,189
,
1248.26,189
,
1249.46,190
,
1250.86,189
,
1251.35,190
,
1252.36,189
,
1253.36,191
,
1254.55,190
,
1255.66,189
,
1256.47,189
,
1257.46,189
,
1258.46,189
,
1259.36,189
,
1260.36,189
,
1261.36,208
,
1262.56,219
,
1263.45,219
,
1264.46,220
,
1265.46,220
,
1266.46,219
,
1267.36,219
,
1268.36,219
,
1269.36,220
,
1270.56,219
,
1271.46,219
,
1272.46,220
,
1273.46,220
,
1274.45,219
,
1275.36,219
,
1276.36,219
,
1277.34,220
,
1278.41,220
,
1279.43,220
,
1280.43,219
,
1281.43,220
,
1282.43,220
,
1283.43,220
,
1284.23,219
,
1285.43,219
,
1286.43,219
,
1287.43,220
,
1288.23,220
,
1289.43,219
,
1290.43,220
,
1291.43,221
,
1292.23,221
,
1293.64,220
,
1294.44,220
,
1295.43,219
,
1296.44,219
,
1297.44,219
,
1298.44,219
,
1299.34,219
,
1300.34,219
,
1301.4,219
,
1302.28,219
,
1303.46,219
,
1304.46,219
,
1305.46,219
,
1306.36,219
,
1307.36,220
,
1308.56,219
,
1309.56,219
,
1310.46,220
,
1311.46,220
,
1312.46,220
,
1313.46,219
,
1314.36,219
,
1315.36,219
,
1316.56,219
,
1317.66,219
,
1318.66,220
,
1319.46,220
,
1320.47,220
,
1321.46,219
,
1322.36,219
,
1323.36,220
,
1324.56,219
,
1325.46,219
,
1326.66,219
,
1327.46,219
,
1328.46,220
,
1329.36,220
,
1330.36,220
,
1331.36,221
,
1332.56,220
,
1333.46,219
,
1334.46,219
,
1335.46,220
,
1336.46,219
,
1337.36,219
,
1338.36,218
,
1339.36,219
,
1340.56,219
,
1341.46,220
,
1342.46,220
,
1343.46,220
,
1344.46,220
,
1345.36,219
,
1346.36,219
,
1347.56,220
,
1348.76,220
,
1349.46,220
,
1350.46,220
,
1351.46,220
,
1352.46,220
,
1353.36,219
,
1354.36,219
,
1355.56,219
,
1356.67,219
,
1357.46,219
,
1358.46,219
,
1359.46,219
,
1360.46,219
,
1361.36,219
,
1362.36,219
,
1363.56,218
,
1364.66,219
,
1365.46,220
,
1366.46,219
,
1367.46,219
,
1368.36,219
,
1369.36,219
,
1370.36,220
,
1371.56,220
,
1372.66,221
,
1373.46,220
,
1374.46,220
,
1375.46,219
,
1376.36,219
,
1377.36,219
,
1378.56,219
,
1379.56,219
,
1380.46,219
,
1381.46,220
,
1382.46,219
,
1383.46,219
,
1384.36,219
,
1385.36,219
,
1386.56,219
,
1387.56,220
,
1388.46,220
,
1389.46,220
,
1390.46,220
,
1391.46,220
,
1392.36,219
,
1393.36,220
,
1394.56,219
,
1395.56,219
,
1396.46,220
,
1397.66,220
,
1398.46,220
,
1399.46,220
,
1400.36,219
,
1401.36,219
,
1402.56,220
,
1403.46,220
,
1404.46,219
,
1405.46,219
,
1406.46,220
,
1407.36,220
,
1408.36,220
,
1409.36,219
,
1410.56,219
,
1411.46,219
,
1412.46,219
,
1413.46,220
,
1414.46,219
,
1415.36,219
,
1416.36,220
,
1417.56,219
,
1418.56,219
,
1419.46,219
,
1420.46,220
,
1421.46,220
,
1422.46,220
,
1423.36,218
,
1424.36,220
,
1425.56,220
,
1426.56,219
,
1427.46,219
,
1428.46,219
,
1429.46,219
,
1430.46,219
,
1431.36,219
,
1432.36,220
,
1433.56,220
,
1434.56,218
,
1435.66,219
,
1436.46,220
,
1437.46,220
,
1438.46,220
,
1439.36,221
,
1440.36,220
,
1441.56,219
,
1442.46,219
,
1443.46,220
,
1444.46,219
,
1445.46,220
,
1446.36,220
,
1447.36,219
,
1448.36,219
,
1449.56,220
,
1450.46,220
,
1451.46,220
,
1452.46,218
,
1453.46,219
,
1454.36,220
,
1455.36,220
,
1456.56,220
,
1457.56,218
,
1458.46,219
,
1459.46,219
,
1460.46,219
,
1461.46,220
,
1462.36,220
,
1463.36,220
,
1464.56,219
,
1465.56,219
,
1466.46,219
,
1467.46,220
,
1468.46,219
,
1469.46,219
,
1470.56,218
,
1471.36,220
,
1472.56,221
,
1473.56,220
,
1474.46,220
,
1475.46,219
,
1476.46,219
,
1477.46,218
,
1478.36,219
,
1479.36,219
,
1480.56,220
,
1481.66,220
,
1482.46,220
,
1483.66,219
,
1484.46,219
,
1485.36,219
,
1486.36,219
,
1487.56,219
,
1488.56,220
,
1489.46,220
,
1490.46,220
,
1491.46,219
,
1492.46,220
,
1493.36,220
,
1494.36,219
,
1495.56,219
,
1496.56,220
,
1497.46,219
,
1498.46,219
,
1499.46,220
,
1500.46,220
,
1501.56,238
,
1502.36,249
,
1503.56,251
,
1504.56,250
,
1505.46,250
,
1506.46,249
,
1507.46,249
,
1508.46,249
,
1509.36,248
,
1510.36,248
,
1511.56,249
,
1512.56,250
,
1513.46,250
,
1514.46,250
,
1515.46,249
,
1516.46,249
,
1517.36,249
,
1518.36,250
,
1519.56,251
,
1520.66,250
,
1521.46,250
,
1522.46,250
,
1523.46,249
,
1524.36,249
,
1525.36,250
,
1526.56,251
,
1527.56,250
,
1528.46,250
,
1529.46,250
,
1530.46,250
,
1531.46,250
,
1532.36,250
,
1533.36,249
,
1534.56,249
,
1535.56,248
,
1536.46,249
,
1537.46,249
,
1538.46,249
,
1539.66,249
,
1540.36,250
,
1541.36,249
,
1542.56,249
,
1543.76,250
,
1544.46,249
,
1545.46,251
,
1546.46,251
,
1547.46,249
,
1548.36,248
,
1549.36,248
,
1550.56,249
,
1551.66,249
,
1552.46,250
,
1553.46,250
,
1554.46,250
,
1555.46,250
,
1556.36,250
,
1557.36,249
,
1558.56,249
,
1559.66,250
,
1560.46,248
,
1561.46,250
,
1562.46,250
,
1563.36,249
,
1564.36,249
,
1565.56,249
,
1566.56,249
,
1567.46,250
,
1568.46,250
,
1569.46,249
,
1570.46,249
,
1571.36,249
,
1572.56,249
,
1573.56,250
,
1574.56,249
,
1575.66,249
,
1576.46,251
,
1577.46,250
,
1578.46,251
,
1579.36,251
,
1580.36,250
,
1581.56,249
,
1582.56,249
,
1583.66,249
,
1584.46,249
,
1585.46,250
,
1586.46,249
,
1587.36,250
,
1588.36,251
,
1589.56,250
,
1590.56,250
,
1591.46,250
,
1592.46,250
,
1593.46,249
,
1594.46,248
,
1595.36,249
,
1596.56,249
,
1597.56,250
,
1598.46,249
,
1599.46,249
,
1600.46,249
,
1601.46,250
,
1602.36,249
,
1603.36,249
,
1604.56,249
,
1605.56,250
,
1606.46,249
,
1607.46,249
,
1608.46,250
,
1609.46,250
,
1610.36,249
,
1611.36,249
,
1612.56,250
,
1613.56,250
,
1614.46,250
,
1615.46,249
,
1616.46,250
,
1617.46,250
,
1618.56,250
,
1619.36,249
,
1620.56,249
,
1621.56,250
,
1622.46,250
,
1623.46,250
,
1624.46,249
,
1625.46,249
,
1626.36,250
,
1627.36,250
,
1628.56,249
,
1629.56,250
,
1630.46,251
,
1631.46,251
,
1632.46,250
,
1633.46,249
,
1634.36,249
,
1635.56,249
,
1636.56,249
,
1637.46,250
,
1638.46,250
,
1639.46,249
,
1640.46,250
,
1641.36,251
,
1642.36,250
,
1643.56,249
,
1644.56,251
,
1645.46,250
,
1646.46,249
,
1647.46,249
,
1648.46,249
,
1649.36,248
,
1650.36,250
,
1651.56,250
,
1652.56,249
,
1653.46,248
,
1654.46,249
,
1655.46,249
,
1656.46,250
,
1657.36,251
,
1658.36,250
,
1659.56,250
,
1660.56,250
,
1661.46,248
,
1662.46,249
,
1663.46,248
,
1664.46,249
,
1665.36,249
,
1666.36,249
,
1667.76,251
,
1668.56,250
,
1669.46,250
,
1670.46,249
,
1671.46,248
,
1672.46,250
,
1673.36,250
,
1674.56,249
,
1675.56,250
,
1676.46,248
,
1677.46,249
,
1678.46,250
,
1679.46,250
,
1680.36,250
,
1681.36,250
,
1682.76,249
,
1683.56,249
,
1684.46,248
,
1685.46,249
,
1686.46,250
,
1687.46,250
,
1688.36,250
,
1689.36,249
,
1690.56,249
,
1691.56,249
,
1692.46,250
,
1693.46,250
,
1694.46,250
,
1695.46,249
,
1696.36,249
,
1697.36,250
,
1698.56,250
,
1699.56,250
,
1700.46,250
,
1701.46,249
,
1702.46,250
,
1703.46,249
,
1704.36,250
,
1705.56,249
,
1706.56,250
,
1707.56,250
,
1708.46,249
,
1709.46,250
,
1710.66,250
,
1711.46,249
,
1712.36,250
,
1713.56,249
,
1714.56,249
,
1715.66,249
,
1716.47,248
,
1717.46,249
,
1718.46,250
,
1719.36,249
,
1720.36,252
,
1721.56,251
,
1722.56,250
,
1723.46,249
,
1724.46,250
,
1725.46,250
,
1726.46,249
,
1727.36,250
,
1728.36,249
,
1729.56,249
,
1730.56,249
,
1731.46,249
,
1732.46,249
,
1733.46,249
,
1734.46,249
,
1735.36,249
,
1736.36,249
,
1737.56,250
,
1738.56,250
,
1739.46,250
,
1740.47,250
,
1741.46,268
,
1742.46,278
,
1743.36,279
,
1744.56,280
,
1745.56,281
,
1746.66,280
,
1747.46,279
,
1748.46,278
,
1749.46,278
,
1750.46,279
,
1751.36,280
,
1752.56,280
,
1753.56,280
,
1754.66,281
,
1755.46,282
,
1756.46,282
,
1757.46,279
,
1758.36,279
,
1759.96,278
,
1760.56,279
,
1761.56,279
,
1762.46,279
,
1763.46,280
,
1764.46,279
,
1765.46,280
,
1766.36,280
,
1767.36,280
,
1768.56,278
,
1769.56,279
,
1770.46,279
,
1771.46,279
,
1772.46,280
,
1773.46,278
,
1774.36,279
,
1775.36,279
,
1776.56,279
,
1777.56,281
,
1778.66,280
,
1779.46,280
,
1780.46,280
,
1781.46,280
,
1782.36,279
,
1783.56,279
,
1784.56,279
,
1785.56,280
,
1786.66,279
,
1787.46,279
,
1788.46,279
,
1789.46,281
,
1790.36,280
,
1791.56,280
,
1792.56,278
,
1793.46,278
,
1794.66,278
,
1795.46,280
,
1796.46,279
,
1797.36,280
,
1798.36,279
,
1799.56,280
,
1800.56,280
,
1801.46,279
,
1802.46,278
,
1803.46,278
,
1804.46,278
,
1805.57,281
,
1806.36,283
,
1807.56,283
,
1808.56,282
,
1809.46,278
,
1810.66,279
,
1811.46,280
,
1812.46,279
,
1813.36,279
,
1814.56,278
,
1815.56,280
,
1816.56,282
,
1817.46,280
,
1818.46,279
,
1819.46,279
,
1820.46,279
,
1821.36,278
,
1822.56,278
,
1823.56,279
,
1824.56,280
,
1825.46,279
,
1826.46,280
,
1827.46,279
,
1828.46,280
,
1829.36,280
,
1830.56,279
,
1831.56,279
,
1832.66,281
,
1833.46,280
,
1834.46,279
,
1835.46,279
,
1836.36,279
,
1837.36,278
,
1838.56,280
,
1839.56,280
,
1840.46,279
,
1841.46,279
,
1842.46,280
,
1843.66,279
,
1844.36,279
,
1845.36,279
,
1846.56,280
,
1847.56,280
,
1848.46,280
,
1849.46,278
,
1850.46,278
,
1851.46,280
,
1852.36,280
,
1853.76,279
,
1854.56,280
,
1855.56,279
,
1856.46,279
,
1857.46,279
,
1858.46,279
,
1859.46,280
,
1860.36,280
,
1861.56,281
,
1862.56,280
,
1863.56,281
,
1864.46,279
,
1865.46,278
,
1866.46,279
,
1867.46,279
,
1868.36,281
,
1869.56,280
,
1870.56,279
,
1871.46,279
,
1872.46,280
,
1873.46,279
,
1874.46,279
,
1875.36,281
,
1876.36,280
,
1877.56,279
,
1878.56,280
,
1879.46,280
,
1880.46,278
,
1881.66,280
,
1882.46,279
,
1883.36,279
,
1884.36,281
,
1885.56,279
,
1886.76,278
,
1887.46,279
,
1888.46,278
,
1889.46,280
,
1890.46,279
,
1891.36,278
,
1892.56,280
,
1893.56,280
,
1894.76,280
,
1895.46,279
,
1896.46,279
,
1897.46,280
,
1898.46,283
,
1899.36,281
,
1900.56,280
,
1901.56,278
,
1902.56,278
,
1903.46,278
,
1904.46,280
,
1905.46,279
,
1906.46,280
,
1907.36,281
,
1908.56,282
,
1909.56,279
,
1910.46,278
,
1911.46,278
,
1912.46,279
,
1913.46,279
,
1914.36,279
,
1915.36,280
,
1916.56,279
,
1917.56,279
,
1918.46,281
,
1919.46,282
,
1920.46,279
,
1921.46,280
,
1922.56,279
,
1923.56,279
,
1924.56,280
,
1925.56,280
,
1926.46,280
,
1927.46,279
,
1928.46,279
,
1929.46,280
,
1930.36,279
,
1931.56,279
,
1932.56,279
,
1933.56,280
,
1934.46,278
,
1935.46,280
,
1936.46,280
,
1937.46,279
,
1938.36,280
,
1939.56,280
,
1940.56,279
,
1941.56,279
,
1942.46,279
,
1943.46,280
,
1944.46,279
,
1945.46,280
,
1946.36,279
,
1947.56,279
,
1948.56,279
,
1949.66,281
,
1950.46,279
,
1951.46,279
,
1952.46,279
,
1953.36,280
,
1954.36,281
,
1955.56,280
,
1956.56,279
,
1957.66,279
,
1958.46,278
,
1959.46,278
,
1960.46,279
,
1961.36,281
,
1962.56,279
,
1963.56,280
,
1964.56,280
,
1965.66,279
,
1966.46,279
,
1967.46,279
,
1968.46,280
,
1969.36,279
,
1970.56,279
,
1971.56,279
,
1972.56,282
,
1973.46,281
,
1974.46,278
,
1975.46,279
,
1976.46,280
,
1977.37,280
,
1978.56,279
,
1979.56,281
,
1980.56,280
,
1981.46,299
,
1982.46,309
,
1983.46,310
,
1984.46,309
,
1985.37,309
,
1986.76,308
,
1987.56,309
,
1988.46,309
,
1989.66,310
,
1990.46,310
,
1991.46,310
,
1992.37,313
,
1993.56,310
,
1994.56,309
,
1995.56,309
,
1996.46,309
,
1997.66,311
,
1998.46,309
,
1999.46,307
,
2000.36,309
,
2001.56,309
,
2002.56,311
,
2003.56,309
,
2004.46,311
,
2005.46,310
,
2006.46,308
,
2007.46,309
,
2008.36,310
,
2009.56,309
,
2010.56,309
,
2011.56,309
,
2012.46,309
,
2013.46,311
,
2014.46,311
,
2015.46,311
,
2016.36,309
,
2017.56,309
,
2018.56,309
,
2019.56,309
,
2020.46,309
,
2021.46,310
,
2022.46,310
,
2023.46,310
,
2024.36,308
,
2025.56,309
,
2026.56,310
,
2027.46,309
,
2028.46,310
,
2029.46,308
,
2030.66,308
,
2031.36,308
,
2032.56,308
,
2033.56,310
,
2034.56,309
,
2035.46,309
,
2036.46,312
,
2037.46,312
,
2038.66,311
,
2039.36,310
,
2040.56,311
,
2041.56,309
,
2042.56,309
,
2043.46,309
,
2044.46,310
,
2045.46,309
,
2046.46,309
,
2047.36,310
,
2048.56,309
,
2049.56,310
,
2050.56,309
,
2051.46,307
,
2052.46,307
,
2053.46,309
,
2054.46,309
,
2055.36,313
,
2056.56,311
,
2057.56,309
,
2058.56,311
,
2059.46,310
,
2060.46,309
,
2061.46,309
,
2062.46,309
,
2063.36,310
,
2064.56,309
,
2065.56,309
,
2066.46,310
,
2067.46,309
,
2068.47,309
,
2069.47,310
,
2070.36,309
,
2071.56,309
,
2072.56,308
,
2073.56,308
,
2074.47,308
,
2075.46,309
,
2076.46,309
,
2077.46,309
,
2078.36,310
,
2079.56,311
,
2080.56,312
,
2081.56,310
,
2082.47,310
,
2083.46,310
,
2084.48,309
,
2085.36,309
,
2086.36,308
,
2087.56,309
,
2088.56,311
,
2089.76,309
,
2090.47,310
,
2091.46,309
,
2092.47,308
,
2093.36,309
,
2094.36,310
,
2095.56,311
,
2096.56,309
,
2097.56,309
,
2098.46,309
,
2099.47,311
,
2100.47,309
,
2101.36,311
,
2102.56,309
,
2103.56,309
,
2104.56,309
,
2105.46,310
,
2106.46,310
,
2107.46,308
,
2108.47,309
,
2109.36,310
,
2110.56,311
,
2111.56,312
,
2112.56,311
,
2113.46,309
,
2114.47,308
,
2115.48,308
,
2116.46,309
,
2117.36,309
,
2118.56,309
,
2119.56,309
,
2120.56,308
,
2121.46,311
,
2122.66,311
,
2123.46,311
,
2124.46,309
,
2125.36,309
,
2126.56,308
,
2127.56,308
,
2128.56,308
,
2129.46,309
,
2130.46,310
,
2131.46,310
,
2132.46,308
,
2133.36,311
,
2134.56,309
,
2135.56,310
,
2136.56,309
,
2137.46,310
,
2138.46,310
,
2139.46,310
,
2140.46,308
,
2141.56,309
,
2142.56,310
,
2143.56,311
,
2144.46,310
,
2145.46,309
,
2146.47,309
,
2147.66,309
,
2148.36,310
,
2149.56,309
,
2150.56,309
,
2151.56,308
,
2152.66,310
,
2153.46,307
,
2154.47,310
,
2155.46,311
,
2156.36,309
,
2157.56,309
,
2158.56,309
,
2159.56,309
,
2160.66,310
,
2161.46,311
,
2162.46,307
,
2163.46,307
,
2164.36,309
,
2165.56,309
,
2166.56,312
,
2167.56,310
,
2168.66,309
,
2169.46,308
,
2170.46,308
,
2171.46,307
,
2172.36,307
,
2173.57,310
,
2174.58,311
,
2175.46,310
,
2176.66,309
,
2177.66,309
,
2178.46,311
,
2179.46,311
,
2180.56,310
,
2181.56,308
,
2182.56,309
,
2183.46,309
,
2184.46,308
,
2185.46,309
,
2186.46,311
,
2187.36,311
,
2188.58,311
,
2189.57,309
,
2190.58,309
,
2191.46,307
,
2192.66,309
,
2193.46,310
,
2194.46,309
,
2195.36,310
,
2196.57,311
,
2197.56,311
,
2198.56,311
,
2199.46,311
,
2200.66,308
,
2201.46,310
,
2202.46,309
,
2203.36,307
,
2204.57,307
,
2205.56,311
,
2206.56,310
,
2207.46,310
,
2208.66,310
,
2209.46,309
,
2210.66,307
,
2211.56,307
,
2212.56,309
,
2213.56,313
,
2214.46,310
,
2215.46,309
,
2216.46,311
,
2217.46,311
,
2218.46,309
,
2219.56,308
,
2220.56,309
,
2221.56,328
,
2222.46,341
,
2223.46,342
,
2224.46,340
,
2225.46,338
,
2226.36,338
,
2227.56,339
,
2228.76,340
,
2229.57,339
,
2230.46,339
,
2231.46,339
,
2232.46,338
,
2233.46,339
,
2234.36,339
,
2235.57,340
,
2236.56,340
,
2237.56,339
,
2238.46,338
,
2239.46,340
,
2240.46,339
,
2241.46,339
,
2242.36,342
,
2243.56,340
,
2244.56,337
,
2245.56,339
,
2246.46,339
,
2247.46,337
,
2248.46,340
,
2249.46,342
,
2250.56,340
,
2251.56,341
,
2252.56,339
,
2253.56,339
,
2254.46,341
,
2255.46,341
,
2256.46,339
,
2257.46,340
,
2258.56,339
,
2259.56,340
,
2260.56,337
,
2261.46,340
,
2262.46,339
,
2263.46,339
,
2264.46,340
,
2265.36,337
,
2266.57,338
,
2267.56,340
,
2268.56,339
,
2269.46,339
,
2270.46,341
,
2271.46,342
,
2272.66,340
,
2273.36,340
,
2274.57,341
,
2275.56,342
,
2276.56,340
,
2277.68,337
,
2278.46,337
,
2279.46,339
,
2280.46,339
,
2281.36,339
,
2282.76,340
,
2283.56,340
,
2284.56,341
,
2285.46,340
,
2286.46,339
,
2287.46,341
,
2288.46,338
,
2289.56,338
,
2290.56,337
,
2291.56,338
,
2292.56,340
,
2293.46,342
,
2294.46,341
,
2295.46,339
,
2296.46,339
,
2297.56,340
,
2298.56,337
,
2299.56,341
,
2300.46,341
,
2301.46,338
,
2302.46,342
,
2303.46,343
,
2304.36,340
,
2305.56,339
,
2306.56,336
,
2307.56,338
,
2308.46,340
,
2309.46,337
,
2310.46,338
,
2311.46,340
,
2312.36,338
,
2313.56,338
,
2314.56,339
,
2315.56,338
,
2316.46,341
,
2317.46,341
,
2318.46,344
,
2319.46,345
,
2320.56,341
,
2321.56,338
,
2322.56,338
,
2323.56,339
,
2324.46,337
,
2325.46,338
,
2326.47,337
,
2327.46,339
,
2328.56,341
,
2329.56,340
,
2330.56,340
,
2331.56,341
,
2332.46,340
,
2333.46,338
,
2334.46,338
,
2335.46,339
,
2336.56,338
,
2337.56,339
,
2338.56,339
,
2339.46,337
,
2340.46,339
,
2341.46,338
,
2342.46,338
,
2343.36,341
,
2344.76,342
,
2345.56,338
,
2346.56,341
,
2347.46,339
,
2348.46,341
,
2349.46,341
,
2350.46,339
,
2351.36,340
,
2352.56,340
,
2353.56,340
,
2354.56,338
,
2355.46,339
,
2356.46,338
,
2357.46,339
,
2358.46,339
,
2359.56,339
,
2360.56,340
,
2361.56,339
,
2362.56,340
,
2363.66,339
,
2364.46,339
,
2365.46,340
,
2366.46,342
,
2367.56,339
,
2368.56,339
,
2369.56,339
,
2370.56,340
,
2371.66,340
,
2372.46,340
,
2373.46,341
,
2374.46,338
,
2375.56,339
,
2376.56,339
,
2377.56,341
,
2378.46,339
,
2379.66,341
,
2380.46,342
,
2381.46,338
,
2382.36,338
,
2383.56,340
,
2384.56,339
,
2385.56,339
,
2386.46,339
,
2387.46,339
,
2388.46,338
,
2389.46,340
,
2390.56,339
,
2391.56,340
,
2392.56,340
,
2393.56,338
,
2394.46,339
,
2395.66,341
,
2396.46,342
,
2397.47,342
,
2398.56,339
,
2399.56,339
,
2400.56,338
,
2401.56,340
,
2402.46,339
,
2403.66,338
,
2404.46,340
,
2405.46,343
,
2406.56,344
,
2407.56,341
,
2408.56,341
,
2409.56,339
,
2410.46,339
,
2411.86,340
,
2412.46,337
,
2413.46,337
,
2414.56,339
,
2415.56,340
,
2416.56,340
,
2417.46,338
,
2418.46,341
,
2419.46,339
,
2420.46,339
,
2421.36,339
,
2422.56,337
,
2423.56,338
,
2424.56,340
,
2425.46,340
,
2426.46,340
,
2427.46,342
,
2428.46,338
,
2429.56,340
,
2430.56,340
,
2431.56,341
,
2432.56,339
,
2433.46,338
,
2434.46,338
,
2435.46,338
,
2436.46,340
,
2437.56,340
,
2438.56,339
,
2439.56,339
,
2440.56,340
,
2441.46,339
,
2442.66,343
,
2443.46,339
,
2444.46,340
,
2445.56,340
,
2446.56,340
,
2447.76,338
,
2448.56,336
,
2449.46,336
,
2450.46,338
,
2451.46,340
,
2452.46,341
,
2453.56,339
,
2454.56,341
,
2455.56,340
,
2456.46,341
,
2457.46,343
,
2458.46,339
,
2459.46,338
,
2460.36,338
,
2461.56,354
,
2462.56,366
,
2463.56,367
,
2464.46,369
,
2465.46,374
,
2466.46,371
,
2467.46,370
,
2468.56,373
,
2469.56,373
,
2470.56,370
,
2471.56,369
,
2472.46,368
,
2473.46,366
,
2474.46,366
,
2475.46,366
,
2476.56,369
,
2477.56,368
,
2478.56,369
,
2479.56,369
,
2480.46,368
,
2481.46,369
,
2482.46,368
,
2483.46,370
,
2484.56,373
,
2485.77,372
,
2486.56,370
,
2487.57,368
,
2488.46,374
,
2489.46,374
,
2490.46,370
,
2491.46,368
,
2492.56,369
,
2493.56,370
,
2494.56,370
,
2495.46,372
,
2496.46,371
,
2497.46,370
,
2498.46,368
,
2499.56,365
,
2500.56,367
,
2501.57,367
,
2502.56,368
,
2503.46,372
,
2504.46,372
,
2505.46,368
,
2506.46,368
,
2507.56,368
,
2508.56,371
,
2509.56,376
,
2510.56,372
,
2511.46,371
,
2512.46,372
,
2513.46,369
,
2514.46,367
,
2515.6,367
,
2516.56,368
,
2517.76,369
,
2518.56,372
,
2519.46,370
,
2520.46,371
,
2521.46,364
,
2522.46,364
,
2523.76,366
,
2524.56,366
,
2525.56,366
,
2526.56,369
,
2527.46,373
,
2528.46,375
,
2529.46,377
,
2530.46,311
,
2531.56,17
,
2532.56,0